episode_idx,total_reward,step_count,success,crash,timeout,elapsed_time_sec
0,-135.9169435699238,73,0,1,0,0.3594059944152832
1,-427.4545692735137,119,0,1,0,0.14707136154174805
2,-70.76910864298546,62,0,1,0,0.07254338264465332
3,-97.90917645042155,60,0,1,0,0.4825458526611328
4,-138.1809166412491,87,0,1,0,0.1091299057006836
5,-101.01021752715435,71,0,1,0,0.09825372695922852
6,45.006890788317946,79,0,1,0,0.32575178146362305
7,-130.38178349240832,68,0,1,0,0.09253454208374023
8,-69.37200710979182,75,0,1,0,0.11003780364990234
9,-529.9799383804611,106,0,1,0,0.3629171848297119
10,-141.27166139942716,71,0,1,0,0.11154985427856445
11,-379.3587951820633,103,0,1,0,0.13504600524902344
12,-348.19856221349414,95,0,1,0,0.3361682891845703
13,-239.78652209162826,119,0,1,0,0.13805484771728516
14,-270.206604188578,75,0,1,0,0.08887505531311035
15,-137.71344916266327,95,0,1,0,0.30628156661987305
16,-144.89870003102536,85,0,1,0,0.09905052185058594
17,-139.68289446226242,93,0,1,0,0.10777163505554199
18,-269.30174774253237,101,0,1,0,0.3161468505859375
19,-153.10662037185116,79,0,1,0,0.09466338157653809
20,-145.1536811930637,68,0,1,0,0.08080530166625977
21,16.646736641271403,92,0,1,0,0.30695223808288574
22,-403.5566130177795,103,0,1,0,0.11813616752624512
23,-26.681841535397268,89,0,1,0,0.2999904155731201
24,-104.36020576257613,68,0,1,0,0.07705521583557129
25,-218.73909785282427,69,0,1,0,0.0795431137084961
26,-199.5194214206084,95,0,1,0,0.11132168769836426
27,-227.66046971443058,106,0,1,0,0.3294386863708496
28,-167.1257166697782,72,0,1,0,0.08496999740600586
29,-99.66076086445136,87,0,1,0,0.30486512184143066
30,-193.4488191988724,119,0,1,0,0.1391129493713379
31,-116.49128471856544,69,0,1,0,0.07758140563964844
32,-335.27934736357514,109,0,1,0,0.32122111320495605
33,-98.44870116772756,79,0,1,0,0.0910024642944336
34,-370.193714884752,92,0,1,0,0.1055455207824707
35,-97.72657989665196,127,0,1,0,0.3402748107910156
36,-109.5096062762287,77,0,1,0,0.08855295181274414
37,-90.72742200063905,72,0,1,0,0.08390164375305176
38,-93.84283132554883,80,0,1,0,0.290067195892334
39,-87.240471455604,61,0,1,0,0.07304000854492188
40,-117.60178621023336,102,0,1,0,0.11968612670898438
41,-46.50175888585404,75,0,1,0,0.2881603240966797
42,-355.16737882652654,129,0,1,0,0.15207910537719727
43,-27.83277595053208,119,0,1,0,0.3353564739227295
44,-110.7588388739829,92,0,1,0,0.11054372787475586
45,-129.52839419534698,80,0,1,0,0.0905609130859375
46,-79.65752203282199,90,0,1,0,0.3168206214904785
47,-188.28241032767966,122,0,1,0,0.14209413528442383
48,-80.52699647854027,105,0,1,0,0.3289811611175537
49,-80.65145876529294,90,0,1,0,0.10658097267150879
50,25.465718835410655,88,0,1,0,0.10316753387451172
51,-141.71509201570535,123,0,1,0,0.358018159866333
52,-110.57966157173846,94,0,1,0,0.10854291915893555
53,-86.96463802420071,134,0,1,0,0.3634645938873291
54,-93.3919414264118,82,0,1,0,0.09874725341796875
55,-138.84626384856045,118,0,1,0,0.13908004760742188
56,-176.7983589819624,98,0,1,0,0.3164987564086914
57,-176.84613202494802,84,0,1,0,0.1020517349243164
58,-147.11005456941263,82,0,1,0,0.09528946876525879
59,-74.89635351708944,79,0,1,0,0.29206085205078125
60,-77.62080168090411,97,0,1,0,0.11155152320861816
61,-102.18590591981584,72,0,1,0,0.08050990104675293
62,-219.8089976241301,148,0,1,0,0.38405418395996094
63,-70.3983576191705,138,0,1,0,0.3918294906616211
64,-138.73812732902763,124,0,1,0,0.15320229530334473
65,-78.05579764949997,146,0,1,0,0.40587472915649414
66,-97.48208477879935,115,0,1,0,0.14398622512817383
67,-182.35484530865676,123,0,1,0,0.15036416053771973
68,-117.73218787526945,85,0,1,0,0.33206987380981445
69,-90.69555232816731,154,0,1,0,0.18911528587341309
70,-85.9520468681171,69,0,1,0,0.3071293830871582
71,-293.11439136322514,88,0,1,0,0.10433602333068848
72,-68.45778163578083,94,0,1,0,0.1160898208618164
73,-106.20410292715748,126,0,1,0,0.37017345428466797
74,-48.0102925781236,139,0,1,0,0.16359257698059082
75,-80.21214733847418,119,0,1,0,0.340883731842041
76,-96.16533127101694,141,0,1,0,0.1640939712524414
77,-78.95316848691738,195,0,1,0,0.4600832462310791
78,-47.03149094699096,184,0,1,0,0.529381513595581
79,-136.1494095779127,436,0,1,0,1.2169132232666016
80,-384.74650066236984,297,0,1,0,0.6733002662658691
81,-332.26767985958156,724,0,1,0,1.5751547813415527
82,-333.43868657388987,455,0,1,0,0.8163092136383057
83,-190.01313031691345,298,0,1,0,0.8263578414916992
84,9.269443748768339,150,0,1,0,0.20513129234313965
85,-230.57323972672003,384,0,1,0,0.8825054168701172
86,-0.7130888242672881,218,0,1,0,0.4915168285369873
87,-39.09486907006669,186,0,1,0,0.25558900833129883
88,-58.71021744891375,1000,0,0,1,2.25337815284729
89,-5.165518954560394,1000,0,0,1,1.8664443492889404
90,17.083335472052582,135,0,1,0,0.345780611038208
91,27.244990102132242,1000,0,0,1,1.6817331314086914
92,-178.73251692661,194,0,1,0,0.43395423889160156
93,23.171057176028256,1000,0,0,1,2.003830671310425
94,13.66499085963427,1000,0,0,1,2.2107455730438232
95,-126.73452440512659,420,0,1,0,0.8518126010894775
96,-32.958247015070285,210,0,1,0,0.42994165420532227
97,-7.476404640150022,221,0,1,0,0.2493884563446045
98,66.48714012014952,1000,0,0,1,1.9166207313537598
99,3.5851774910385643,148,0,1,0,0.38144588470458984
100,53.46986286084324,1000,0,0,1,1.9253835678100586
101,47.00746020128986,215,0,1,0,0.438291072845459
102,-26.983929727078337,1000,0,0,1,1.9763729572296143
103,40.89987451585577,192,0,1,0,0.22402358055114746
104,127.94435649258061,1000,0,0,1,1.9692487716674805
105,-32.02289159819735,138,0,1,0,0.359419584274292
106,-49.65348853849474,138,0,1,0,0.15807652473449707
107,147.08630042272247,1000,0,0,1,1.9238510131835938
108,156.5304278370222,1000,0,0,1,1.9297919273376465
109,158.26884943723525,1000,0,0,1,1.9325289726257324
110,23.426748024243636,144,0,1,0,0.36806488037109375
111,8.004390112113114,159,0,1,0,0.18652629852294922
112,268.2264155046166,639,1,0,0,1.338836908340454
113,288.4906748365263,368,1,0,0,0.6309704780578613
114,-6.675251633321494,152,0,1,0,0.3781704902648926
115,-13.309138355721217,137,0,1,0,0.15862369537353516
116,13.823882580364256,136,0,1,0,0.36469531059265137
117,39.24302262419249,165,0,1,0,0.18971467018127441
118,247.01205815951232,311,1,0,0,0.7712001800537109
119,-68.09607005883126,134,0,1,0,0.16114091873168945
120,-26.43326013886268,140,0,1,0,0.3623542785644531
121,237.8801228809497,196,1,0,0,0.23906922340393066
122,42.275869354397685,113,0,1,0,0.3277008533477783
123,312.9941423584367,418,1,0,0,0.8800411224365234
124,231.870722411811,322,1,0,0,0.5734250545501709
125,-108.88337906057184,131,0,1,0,0.14824914932250977
126,247.76559227162454,270,1,0,0,0.5118863582611084
127,286.85961425670996,307,1,0,0,0.7491340637207031
128,273.129821344323,209,1,0,0,0.24098968505859375
129,284.39762222824277,373,1,0,0,0.8472983837127686
130,268.18389817529726,303,1,0,0,0.5400307178497314
131,17.27492071231225,205,0,1,0,0.43326902389526367
132,257.6563032021317,306,1,0,0,0.5508987903594971
133,288.6069281403805,339,1,0,0,0.5877056121826172
134,265.426808301258,292,1,0,0,0.5388662815093994
135,259.37862711977687,358,1,0,0,0.8152279853820801
136,-336.0916728315042,479,0,1,0,0.948063850402832
137,223.92329634279105,458,1,0,0,0.9289050102233887
138,38.28122791162792,173,0,1,0,0.20202112197875977
139,280.5068584860493,247,1,0,0,0.4766087532043457
140,51.440284432843725,144,0,1,0,0.37091970443725586
141,283.8833011935287,457,1,0,0,0.9267241954803467
142,281.69268455777285,272,1,0,0,0.5121023654937744
143,285.2198184401454,264,1,0,0,0.5018911361694336
144,273.12226440881597,193,1,0,0,0.22432899475097656
145,271.4043858844828,230,1,0,0,0.4748847484588623
146,272.9940875552258,167,1,0,0,0.38372254371643066
147,40.24330315015135,115,0,1,0,0.13109326362609863
148,50.15294491326898,117,0,1,0,0.3361935615539551
149,57.57741369736675,116,0,1,0,0.13516449928283691
150,28.241696296217526,171,0,1,0,0.39989352226257324
151,25.458119515353502,122,0,1,0,0.14109158515930176
152,277.69473523658394,223,1,0,0,0.4656524658203125
153,236.80928992312596,248,1,0,0,0.48192453384399414
154,287.9844374073683,256,1,0,0,0.49690914154052734
155,230.47618371485154,246,1,0,0,0.48745226860046387
156,249.67663112681652,321,1,0,0,0.573190450668335
157,5.017655203026365,168,0,1,0,0.39967942237854004
158,293.0343801911278,267,1,0,0,0.5034008026123047
159,276.54649520906923,285,1,0,0,0.5366437435150146
160,254.95644986880745,221,1,0,0,0.4535031318664551
161,270.07746639958975,273,1,0,0,0.5228261947631836
162,284.82100692074476,240,1,0,0,0.47868847846984863
163,296.9966753696282,195,1,0,0,0.4270353317260742
164,-269.53706898960905,464,0,1,0,0.933568000793457
165,268.5631367276098,240,1,0,0,0.47342681884765625
166,250.31787649246294,276,1,0,0,0.5135984420776367
167,261.757939704426,232,1,0,0,0.4760124683380127
168,289.8627623619547,189,1,0,0,0.22188997268676758
169,276.4574723397003,285,1,0,0,0.5316641330718994
170,294.8242455488255,210,1,0,0,0.44809484481811523
171,257.99138366559305,205,1,0,0,0.4385669231414795
172,75.77530522729546,157,0,1,0,0.38582634925842285
173,314.0018256253294,196,1,0,0,0.23473691940307617
174,47.56436906015759,97,0,1,0,0.3086724281311035
175,35.372318414731154,136,0,1,0,0.16476678848266602
176,8.94152501543266,149,0,1,0,0.369063138961792
177,310.16928913788104,194,1,0,0,0.42128896713256836
178,261.87926036802025,255,1,0,0,0.49558138847351074
179,27.68293140378178,123,0,1,0,0.14455938339233398
180,301.89106642119475,253,1,0,0,0.49275922775268555
181,283.31480116176243,221,1,0,0,0.4581780433654785
182,31.094285606734957,141,0,1,0,0.35864877700805664
183,272.69611328273754,226,1,0,0,0.27112817764282227
184,271.05530101981196,198,1,0,0,0.4242095947265625
185,32.50842169519913,115,0,1,0,0.3263232707977295
186,257.4492360388375,213,1,0,0,0.4427478313446045
187,257.50495222061164,209,1,0,0,0.25061845779418945
188,282.7631447351009,193,1,0,0,0.41913866996765137
189,290.55069906709747,220,1,0,0,0.4487600326538086
190,279.53093951859165,212,1,0,0,0.44104695320129395
191,252.1669677705504,236,1,0,0,0.47002601623535156
192,261.5908771463228,186,1,0,0,0.21719026565551758
193,284.88589095427017,248,1,0,0,0.47775959968566895
194,285.90005231563515,209,1,0,0,0.43451452255249023
195,276.44117288859456,178,1,0,0,0.4001455307006836
196,251.93124418505397,177,1,0,0,0.4088296890258789
197,24.427774748195404,148,0,1,0,0.17241954803466797
198,28.53565219342977,132,0,1,0,0.34738802909851074
199,233.65169021750364,386,1,0,0,0.6563022136688232
200,295.89033785332515,213,1,0,0,0.4503774642944336
201,232.59608192107189,208,1,0,0,0.4412851333618164
202,286.9812620027476,215,1,0,0,0.4498586654663086
203,249.58349571345602,219,1,0,0,0.4638066291809082
204,266.479282887994,182,1,0,0,0.21293187141418457
205,270.82455410578166,195,1,0,0,0.4279177188873291
206,270.00204093019727,216,1,0,0,0.45401620864868164
207,239.28384649565677,198,1,0,0,0.43105363845825195
208,281.2378527298139,188,1,0,0,0.21779727935791016
209,275.7984130446522,177,1,0,0,0.41045165061950684
210,286.7534887384636,216,1,0,0,0.45276975631713867
211,-7.041868722843731,146,0,1,0,0.37279725074768066
212,196.9259537813184,355,0,1,0,0.615286111831665
213,253.12539916104504,216,1,0,0,0.44847869873046875
214,299.1891322403243,283,1,0,0,0.5309858322143555
215,245.53079576086427,203,1,0,0,0.4370441436767578
216,274.05333756511953,189,1,0,0,0.21534085273742676
217,10.368330224298177,117,0,1,0,0.3367781639099121
218,203.84437164112683,484,1,0,0,0.9745168685913086
219,63.90796674299065,125,0,1,0,0.15354013442993164
220,280.28261259923715,242,1,0,0,0.5012531280517578
221,292.71439247898786,216,1,0,0,0.4587559700012207
222,36.44431692319449,137,0,1,0,0.37635302543640137
223,73.42501278662621,116,0,1,0,0.14861845970153809
224,-13.52983549182838,124,0,1,0,0.15739679336547852
225,50.96693047458797,133,0,1,0,0.36843395233154297
226,21.47154738764695,123,0,1,0,0.14513754844665527
227,118.493055541478,1000,0,0,1,1.9795801639556885
228,16.360234090926312,145,0,1,0,0.37040066719055176
229,275.20707435589395,214,1,0,0,0.47646355628967285
230,18.961534982275793,134,0,1,0,0.16160082817077637
231,205.20686965813144,405,1,0,0,1.1450538635253906
232,253.85632989594708,230,1,0,0,0.57023024559021
233,306.43120590453213,273,1,0,0,0.5754053592681885
234,280.12411593874975,251,1,0,0,0.5181624889373779
235,255.143482409485,185,1,0,0,0.4438793659210205
236,246.45997007441176,200,1,0,0,0.28065967559814453
237,276.6234221504401,205,1,0,0,0.4716463088989258
238,289.5211034249993,236,1,0,0,0.5441374778747559
239,286.95427517777046,205,1,0,0,0.48968052864074707
240,262.2722098620246,187,1,0,0,0.4597492218017578
241,298.2833141191352,305,1,0,0,0.6235344409942627
242,290.3427258149111,229,1,0,0,0.5400054454803467
243,-4.7267129339564775,118,0,1,0,0.16740751266479492
244,248.25375795784873,184,1,0,0,0.4478769302368164
245,263.29555396198396,163,1,0,0,0.21442723274230957
246,276.84775154785905,299,1,0,0,0.8120601177215576
247,305.0742875806221,285,1,0,0,0.6086516380310059
248,302.9844333230007,243,1,0,0,0.5405738353729248
249,305.15116389706463,230,1,0,0,0.5256590843200684
250,201.72320506753843,450,1,0,0,0.8376815319061279
251,280.81997159532875,280,1,0,0,0.5951154232025146
252,192.26857391794817,575,0,1,0,1.3811593055725098
253,278.07120243691213,199,1,0,0,0.26567745208740234
254,34.811903921217436,137,0,1,0,0.39139795303344727
255,74.01932074813999,139,0,1,0,0.39192795753479004
256,208.02714025288049,414,1,0,0,0.743330717086792
257,147.78690998704258,1000,0,0,1,2.160444974899292
258,293.41678994870495,221,1,0,0,0.5140442848205566
259,292.4717389871957,237,1,0,0,0.5150773525238037
260,276.81969195630177,236,1,0,0,0.5176708698272705
261,264.47639849851373,207,1,0,0,0.4840550422668457
262,284.2676242657036,207,1,0,0,0.2745625972747803
263,54.301952867702454,148,0,1,0,0.40657472610473633
264,320.6841557080889,297,1,0,0,0.6042485237121582
265,283.9844144824584,204,1,0,0,0.4635295867919922
266,244.24253958857955,216,1,0,0,0.5337541103363037
267,259.9800482125204,203,1,0,0,0.48168373107910156
268,7.357101640352397,101,0,1,0,0.13448834419250488
269,-9.428057486505992,108,0,1,0,0.14706206321716309
270,315.92658558510414,185,1,0,0,0.4549994468688965
271,49.25540007978185,131,0,1,0,0.3888380527496338
272,-9.979070528526151,133,0,1,0,0.1671278476715088
273,286.981735378312,162,1,0,0,0.4352102279663086
274,270.25940899357,315,1,0,0,0.6434609889984131
275,275.7694414535578,197,1,0,0,0.4674828052520752
276,250.5998050590403,233,1,0,0,0.5349493026733398
277,278.8309993358532,207,1,0,0,0.49582719802856445
278,250.77030569786774,207,1,0,0,0.2807600498199463
279,47.206880321475325,140,0,1,0,0.3940858840942383
280,276.54577269234414,165,1,0,0,0.43551015853881836
281,274.1370346536759,304,1,0,0,0.6230216026306152
282,292.31225756117806,235,1,0,0,0.5058345794677734
283,275.81978089657576,165,1,0,0,0.20283150672912598
284,264.4421024133271,188,1,0,0,0.45882558822631836
285,274.21988532931505,197,1,0,0,0.4669027328491211
286,233.0056862293103,433,1,0,0,0.8060674667358398
287,256.9920686816059,648,1,0,0,1.5565035343170166
288,268.11781323849004,193,1,0,0,0.45894670486450195
289,253.76528757791863,191,1,0,0,0.25734424591064453
290,260.3752205740879,218,1,0,0,0.4983808994293213
291,313.35026121047133,191,1,0,0,0.4703664779663086
292,201.52423685879785,548,1,0,0,1.1610682010650635
293,286.94683325018286,255,1,0,0,0.5499162673950195
294,21.6176505385003,121,0,1,0,0.37761545181274414
295,253.25930900384728,214,1,0,0,0.496715784072876
296,30.895591003760302,135,0,1,0,0.17819881439208984
297,249.60072192435484,204,1,0,0,0.5062272548675537
298,294.2510306550378,223,1,0,0,0.493030309677124
299,317.2062742965562,276,1,0,0,0.5812768936157227
300,268.64144513982967,181,1,0,0,0.4356818199157715
301,80.33190856057298,1000,0,0,1,1.9739341735839844
302,49.9700521119145,1000,0,0,1,2.210470676422119
303,305.0505417783312,236,1,0,0,0.5288088321685791
304,275.3821590974771,211,1,0,0,0.48506736755371094
305,287.07068569216017,235,1,0,0,0.5162007808685303
306,266.99075095034664,208,1,0,0,0.5051472187042236
307,275.3810638757577,184,1,0,0,0.45523643493652344
308,261.729067890068,206,1,0,0,0.2726733684539795
309,256.0176507671863,222,1,0,0,0.5204508304595947
310,283.02540131664813,238,1,0,0,0.5331401824951172
311,264.14702064471226,176,1,0,0,0.4360780715942383
312,306.67330596281107,207,1,0,0,0.486541748046875
313,287.80663419433995,186,1,0,0,0.23913311958312988
314,308.12189955378403,211,1,0,0,0.4882779121398926
315,269.9273904629242,229,1,0,0,0.5164835453033447
316,244.35536893283717,207,1,0,0,0.4941596984863281
317,267.6037191343273,216,1,0,0,0.5033183097839355
318,285.0261339069905,256,1,0,0,0.540280818939209
319,294.85388929209296,207,1,0,0,0.48201560974121094
320,293.7014858313611,166,1,0,0,0.2221832275390625
321,51.52453616433172,136,0,1,0,0.4062662124633789
322,284.8932125673457,165,1,0,0,0.21837568283081055
323,252.89966645486848,175,1,0,0,0.43729376792907715
324,275.76948504317664,202,1,0,0,0.49847888946533203
325,288.5401918140661,156,1,0,0,0.21370744705200195
326,40.76270035942974,143,0,1,0,0.41492223739624023
327,282.29973779456634,201,1,0,0,0.4659092426300049
328,248.01111908855995,170,1,0,0,0.23639535903930664
329,263.50656282483044,193,1,0,0,0.4717881679534912
330,270.73785707745503,174,1,0,0,0.43522214889526367
331,273.2081511841859,178,1,0,0,0.43056440353393555
332,286.6019608236246,181,1,0,0,0.24008512496948242
333,265.4307286274844,262,1,0,0,0.5426280498504639
334,281.69816364975105,174,1,0,0,0.44596266746520996
335,257.83850180156946,230,1,0,0,0.5312759876251221
336,-278.98219084403115,178,0,1,0,0.4599027633666992
337,271.8196520128283,238,1,0,0,0.52388596534729
338,262.533569492712,164,1,0,0,0.2127063274383545
339,255.47106541591117,180,1,0,0,0.44719624519348145
340,32.39470857604982,130,0,1,0,0.16521191596984863
341,279.34109618362976,262,1,0,0,0.5472350120544434
342,259.47305142476466,199,1,0,0,0.4538567066192627
343,21.40738120103744,127,0,1,0,0.3652632236480713
344,277.17750857011424,188,1,0,0,0.2389669418334961
345,278.40413407943436,217,1,0,0,0.489717960357666
346,297.170904679336,169,1,0,0,0.4289076328277588
347,302.3805933921558,177,1,0,0,0.43825221061706543
348,252.56139594441072,182,1,0,0,0.24060940742492676
349,272.4856862036495,171,1,0,0,0.44011378288269043
350,254.10692006367256,193,1,0,0,0.48650646209716797
351,213.4761991328914,594,1,0,0,1.1851744651794434
352,262.8879982875021,186,1,0,0,0.4659702777862549
353,299.51815184283623,221,1,0,0,0.5094795227050781
354,276.18688515470177,173,1,0,0,0.23662352561950684
355,264.47472975653693,193,1,0,0,0.4778604507446289
356,11.940606744917943,128,0,1,0,0.3763399124145508
357,271.1398926209829,232,1,0,0,0.30112504959106445
358,253.35021337363094,172,1,0,0,0.45267343521118164
359,2.2095543875228003,94,0,1,0,0.3341789245605469
360,301.2456490937115,247,1,0,0,0.33347606658935547
361,133.90081272580983,1000,0,0,1,2.2375776767730713
362,293.28386405368883,202,1,0,0,0.4355459213256836
363,266.45787571517394,190,1,0,0,0.4216327667236328
364,291.6169183066187,163,1,0,0,0.38925623893737793
365,253.43235674617384,200,1,0,0,0.23267650604248047
366,304.7515220278465,241,1,0,0,0.47949647903442383
367,276.03024809035855,183,1,0,0,0.41273927688598633
368,170.27035271842462,1000,0,0,1,1.973250150680542
369,266.2142435847328,192,1,0,0,0.4217240810394287
370,279.1117712820309,204,1,0,0,0.2391049861907959
371,274.8193912472691,177,1,0,0,0.4001171588897705
372,287.8865225949919,207,1,0,0,0.439028263092041
373,287.6223060682958,226,1,0,0,0.45348644256591797
374,52.92356049740704,105,0,1,0,0.12360954284667969
375,285.01130117771925,234,1,0,0,0.4798166751861572
376,288.2680044584715,215,1,0,0,0.45657825469970703
377,298.05819433269573,365,1,0,0,0.6227977275848389
378,257.0209458615185,231,1,0,0,0.47472214698791504
379,238.46676881924182,169,1,0,0,0.3994863033294678
380,265.82070669381767,152,1,0,0,0.40803050994873047
381,132.03341640439294,1000,0,0,1,1.8122146129608154
382,16.340842801407106,162,0,1,0,0.3815336227416992
383,272.59010221663743,190,1,0,0,0.42132067680358887
384,249.77860174810954,155,1,0,0,0.17426776885986328
385,277.21930767099116,201,1,0,0,0.44146251678466797
386,271.99399037532874,203,1,0,0,0.44495725631713867
387,278.7340835159223,226,1,0,0,0.46498608589172363
388,37.49713464585801,92,0,1,0,0.11097025871276855
389,276.9513804671865,206,1,0,0,0.4611051082611084
390,305.07851770597716,238,1,0,0,0.47634339332580566
391,125.67914180908778,1000,0,0,1,2.2958033084869385
392,283.19501979759013,167,1,0,0,0.43317747116088867
393,25.41094028310424,122,0,1,0,0.1730022430419922
394,7.792278969989795,100,0,1,0,0.12970376014709473
395,254.78075825005897,172,1,0,0,0.4501519203186035
396,241.5264532069605,178,1,0,0,0.4609088897705078
397,314.23394553106453,238,1,0,0,0.5145838260650635
398,295.239238137345,192,1,0,0,0.23432207107543945
399,281.31738299744484,203,1,0,0,0.5121743679046631
400,272.28782069776315,202,1,0,0,0.433499813079834
401,41.08175045002838,87,0,1,0,0.10644984245300293
402,279.6479458964252,192,1,0,0,0.41550445556640625
403,290.7643796167307,184,1,0,0,0.4058520793914795
404,292.7986549579992,168,1,0,0,0.3919050693511963
405,264.4159476143023,202,1,0,0,0.23459935188293457
406,33.81412424082538,99,0,1,0,0.31095051765441895
407,293.92695906766016,206,1,0,0,0.44220781326293945
408,286.3040188312024,216,1,0,0,0.24609851837158203
409,263.7430133949051,200,1,0,0,0.42827296257019043
410,293.7196202394068,187,1,0,0,0.41722679138183594
411,41.58550891229868,89,0,1,0,0.10406684875488281
412,290.2024960836567,206,1,0,0,0.4344358444213867
413,260.44259684439186,170,1,0,0,0.3942081928253174
414,284.896889602999,186,1,0,0,0.21880125999450684
415,253.79876805924425,159,1,0,0,0.38323020935058594
416,301.61239470851456,242,1,0,0,0.4778163433074951
417,284.31009004769135,224,1,0,0,0.4625370502471924
418,255.43506602064883,187,1,0,0,0.4223177433013916
419,277.4162427018044,202,1,0,0,0.23512029647827148
420,56.919445655264326,95,0,1,0,0.30030179023742676
421,297.4920336624422,279,1,0,0,0.5233292579650879
422,295.1705504110996,154,1,0,0,0.18114447593688965
423,119.13355933857923,1000,0,0,1,1.9643268585205078
424,306.8773545342639,244,1,0,0,0.47485828399658203
425,266.16639473819737,176,1,0,0,0.4002530574798584
426,278.70767670943343,207,1,0,0,0.44510936737060547
427,257.1122177628047,169,1,0,0,0.20387625694274902
428,299.9492325897419,154,1,0,0,0.37813687324523926
429,294.8304667597456,253,1,0,0,0.49068307876586914
430,284.4395519002287,200,1,0,0,0.43289685249328613
431,290.76163161758745,192,1,0,0,0.4154958724975586
432,22.231333631468175,159,0,1,0,0.1755692958831787
433,273.66942935602447,186,1,0,0,0.4072117805480957
434,282.93182216760874,178,1,0,0,0.40761232376098633
435,279.21246326858727,211,1,0,0,0.24491047859191895
436,49.48430884287444,183,0,1,0,0.4088726043701172
437,264.99760831405615,164,1,0,0,0.39217495918273926
438,300.0746581947383,205,1,0,0,0.43628716468811035
439,309.08471024714737,258,1,0,0,0.4981541633605957
440,261.3458393073128,162,1,0,0,0.19295692443847656
441,295.77878344181875,144,1,0,0,0.36867666244506836
442,258.9537711067493,172,1,0,0,0.19960451126098633
443,259.44979556190526,165,1,0,0,0.3906724452972412
444,161.7483748951414,1000,0,0,1,1.9584321975708008
445,272.5805216624663,161,1,0,0,0.3822908401489258
446,305.54566909097935,216,1,0,0,0.25211262702941895
447,305.8681494714227,242,1,0,0,0.4829726219177246
448,286.99980628102605,166,1,0,0,0.39082884788513184
449,289.7667224399004,200,1,0,0,0.42592906951904297
450,276.6713073153961,184,1,0,0,0.4176051616668701
451,113.04645649726812,1000,0,0,1,1.7496047019958496
452,286.6730309482874,170,1,0,0,0.39536547660827637
453,285.1467999503436,159,1,0,0,0.387603759765625
454,269.31395942174186,188,1,0,0,0.4224686622619629
455,285.2239172347608,148,1,0,0,0.169999361038208
456,312.0362784354851,228,1,0,0,0.4671509265899658
457,292.55421511480176,152,1,0,0,0.3750884532928467
458,291.1431648695371,234,1,0,0,0.27640533447265625
459,59.49334389313228,86,0,1,0,0.2950868606567383
460,257.16964410723284,182,1,0,0,0.41446375846862793
461,296.4987690614449,237,1,0,0,0.28465747833251953
462,310.7766438478053,191,1,0,0,0.4229700565338135
463,280.98534239525634,185,1,0,0,0.4154834747314453
464,253.60202015229214,174,1,0,0,0.40668487548828125
465,30.287170870890208,125,0,1,0,0.14319634437561035
466,287.997107571623,166,1,0,0,0.3926234245300293
467,285.0876799876938,168,1,0,0,0.19493532180786133
468,332.23412418079886,195,1,0,0,0.42420196533203125
469,158.31336285938107,1000,0,0,1,1.9583656787872314
470,292.1153883594053,213,1,0,0,0.4510645866394043
471,287.27794550276843,166,1,0,0,0.3894789218902588
472,298.4139201512131,204,1,0,0,0.24107718467712402
473,259.22411626915766,174,1,0,0,0.40099096298217773
474,255.4433709047686,186,1,0,0,0.41385769844055176
475,115.04863151223383,1000,0,0,1,1.9588804244995117
476,294.75322160884775,272,1,0,0,0.514237642288208
477,252.36825298178186,193,1,0,0,0.22231245040893555
478,296.8340495061825,249,1,0,0,0.4883615970611572
479,246.24338361283316,200,1,0,0,0.4333012104034424
480,300.3138505036153,182,1,0,0,0.41355443000793457
481,271.09807180183094,191,1,0,0,0.41657280921936035
482,245.82736098017182,176,1,0,0,0.20634198188781738
483,313.4526517062087,167,1,0,0,0.39205002784729004
484,257.48316371222506,166,1,0,0,0.38826417922973633
485,300.1643948421451,231,1,0,0,0.4742598533630371
486,300.5722418822073,200,1,0,0,0.2347123622894287
487,162.95673865394576,1000,0,0,1,1.958301305770874
488,294.6783179560123,214,1,0,0,0.4474186897277832
489,254.18650139654966,161,1,0,0,0.3908350467681885
490,314.90639116278317,196,1,0,0,0.2297048568725586
491,288.03531243714326,160,1,0,0,0.37834715843200684
492,302.7927329886562,242,1,0,0,0.4857778549194336
493,307.7788973286072,267,1,0,0,0.510549783706665
494,265.4104597008504,156,1,0,0,0.3875608444213867
495,285.38620585074625,144,1,0,0,0.17060613632202148
496,279.6636811386706,194,1,0,0,0.43440794944763184
497,293.9964010663824,235,1,0,0,0.48049354553222656
498,262.4906214630125,188,1,0,0,0.4217078685760498
499,294.7169611577879,158,1,0,0,0.18175554275512695
500,299.22243434443016,187,1,0,0,0.4181351661682129
501,39.716224071903326,87,0,1,0,0.10354447364807129
502,280.0324905583535,179,1,0,0,0.41279172897338867
503,308.5134667804641,174,1,0,0,0.40379786491394043
504,276.91817278912254,181,1,0,0,0.21030092239379883
505,273.1703388111132,192,1,0,0,0.42123842239379883
506,256.1605562362156,172,1,0,0,0.40101170539855957
507,291.510229215099,206,1,0,0,0.4386160373687744
508,295.2045487902741,177,1,0,0,0.2026820182800293
509,259.4363219814975,172,1,0,0,0.4044013023376465
510,296.3300343729394,197,1,0,0,0.4225046634674072
511,266.4038458129651,181,1,0,0,0.411212682723999
512,290.463159495166,165,1,0,0,0.19633245468139648
513,267.80391164048274,158,1,0,0,0.3886275291442871
514,291.6710448016354,153,1,0,0,0.17530322074890137
515,260.1483655353843,167,1,0,0,0.401839017868042
516,20.730789858428608,108,0,1,0,0.12921857833862305
517,19.07975442396524,92,0,1,0,0.31107664108276367
518,278.6736636524482,195,1,0,0,0.42270898818969727
519,154.371396638928,1000,0,0,1,1.761995553970337
520,273.9702762823788,208,1,0,0,0.44197916984558105
521,288.86803984063914,189,1,0,0,0.41732072830200195
522,279.4609316756552,195,1,0,0,0.4317893981933594
523,279.9053045645055,190,1,0,0,0.4250161647796631
524,282.2494888590739,161,1,0,0,0.18660259246826172
525,297.73874426653975,255,1,0,0,0.504382848739624
526,276.90744358655377,193,1,0,0,0.429823637008667
527,280.1558995798623,147,1,0,0,0.17524123191833496
528,305.97663575115587,191,1,0,0,0.42207765579223633
529,292.43281394186704,231,1,0,0,0.4746572971343994
530,289.1096279917681,248,1,0,0,0.4860961437225342
531,251.11884092516794,169,1,0,0,0.3966059684753418
532,306.0705759671352,226,1,0,0,0.46333909034729004
533,292.14684016278966,195,1,0,0,0.23734164237976074
534,280.1212028125883,175,1,0,0,0.39985132217407227
535,244.9328979774689,164,1,0,0,0.38408350944519043
536,275.73387469368987,194,1,0,0,0.2247931957244873
537,291.02958721485334,201,1,0,0,0.4357132911682129
538,66.63426116904353,89,0,1,0,0.3039388656616211
539,285.61279488193543,203,1,0,0,0.23992204666137695
540,300.05799898583587,150,1,0,0,0.37146973609924316
541,273.4639145206652,170,1,0,0,0.39575839042663574
542,306.191973663139,193,1,0,0,0.22939038276672363
543,288.34016515697704,198,1,0,0,0.42786622047424316
544,283.0619839322479,159,1,0,0,0.3873567581176758
545,302.5153868912908,176,1,0,0,0.40140509605407715
546,280.0062980007146,203,1,0,0,0.23555707931518555
547,279.2667737687474,201,1,0,0,0.43158936500549316
548,256.1991743409602,168,1,0,0,0.395977258682251
549,303.84221873598335,244,1,0,0,0.4880366325378418
550,283.836690247216,148,1,0,0,0.16959691047668457
551,258.19709172467515,169,1,0,0,0.3970043659210205
552,268.64516492552025,182,1,0,0,0.41570210456848145
553,282.6311781865198,186,1,0,0,0.22212696075439453
554,290.6247404714154,151,1,0,0,0.37467384338378906
555,270.14272669949213,175,1,0,0,0.4056053161621094
556,308.7242629561576,223,1,0,0,0.4557933807373047
557,296.8935908644827,183,1,0,0,0.2144608497619629
558,303.86583928941917,186,1,0,0,0.41551733016967773
559,280.98744273314327,178,1,0,0,0.4043583869934082
560,263.26077886466106,196,1,0,0,0.22885370254516602
561,282.81440143492046,171,1,0,0,0.3914763927459717
562,269.82039684541377,195,1,0,0,0.428302526473999
563,291.5871581264256,213,1,0,0,0.4467446804046631
564,278.3240263890548,151,1,0,0,0.1789102554321289
565,294.03153716674103,172,1,0,0,0.4043772220611572
566,298.60523916125203,194,1,0,0,0.4232490062713623
567,256.6116848462973,174,1,0,0,0.20627284049987793
568,307.38807996770964,219,1,0,0,0.45667338371276855
569,311.9200296316927,194,1,0,0,0.42409634590148926
570,291.1203200233002,184,1,0,0,0.41467976570129395
571,290.1311403036198,257,1,0,0,0.5036633014678955
572,283.28740789834865,201,1,0,0,0.23026585578918457
573,285.1891832925907,165,1,0,0,0.39310312271118164
574,307.08651113839466,193,1,0,0,0.4267880916595459
575,289.25877100792707,200,1,0,0,0.4393026828765869
576,285.3696299388194,179,1,0,0,0.21045374870300293
577,19.287995052254274,111,0,1,0,0.33435940742492676
578,299.6657334336173,258,1,0,0,0.5040607452392578
579,258.525853807374,159,1,0,0,0.18669748306274414
580,276.9646331389845,189,1,0,0,0.41650938987731934
581,272.88910559839036,179,1,0,0,0.40219902992248535
582,283.5155871300599,180,1,0,0,0.4099869728088379
583,242.20493663972724,187,1,0,0,0.22009634971618652
584,36.76097768278018,96,0,1,0,0.3096292018890381
585,286.76519642080046,152,1,0,0,0.17739248275756836
586,258.7397525748619,194,1,0,0,0.42166805267333984
587,261.98392991968547,216,1,0,0,0.4461960792541504
588,-19.906672152994446,118,0,1,0,0.13622546195983887
589,273.25670681967017,174,1,0,0,0.39914464950561523
590,277.3844325560375,209,1,0,0,0.4442472457885742
591,301.97593372685594,216,1,0,0,0.44454336166381836
592,254.17589995754972,162,1,0,0,0.18741440773010254
593,276.15768808726125,177,1,0,0,0.40091729164123535
594,264.79285709743255,617,1,0,0,1.1156604290008545
595,276.3917025912135,198,1,0,0,0.42861104011535645
596,267.5387000472966,182,1,0,0,0.4071347713470459
597,262.6167374045288,220,1,0,0,0.44995951652526855
598,168.09069893822334,1000,0,0,1,1.9344983100891113
599,252.2728617777546,175,1,0,0,0.20381593704223633
600,285.48644302314784,162,1,0,0,0.3884425163269043
601,274.8304558990789,199,1,0,0,0.4345571994781494
602,253.77525755873748,163,1,0,0,0.191650390625
603,274.7662550478359,170,1,0,0,0.3942270278930664
604,293.77429662309964,204,1,0,0,0.43872880935668945
605,303.1196167672803,213,1,0,0,0.44324660301208496
606,281.8878454405624,187,1,0,0,0.2161574363708496
607,271.00623583489806,194,1,0,0,0.4211466312408447
608,290.7814236286209,201,1,0,0,0.4304513931274414
609,267.510080598173,200,1,0,0,0.4297339916229248
610,247.73051809929564,172,1,0,0,0.20371794700622559
611,248.49348990969617,175,1,0,0,0.3945777416229248
612,294.4017694070214,214,1,0,0,0.44559383392333984
613,268.3488730638063,627,1,0,0,1.1149721145629883
614,35.38137325100283,129,0,1,0,0.34711766242980957
615,254.75778269333233,178,1,0,0,0.4059615135192871
616,285.42803232407573,242,1,0,0,0.47765254974365234
617,281.85546557537543,184,1,0,0,0.2114112377166748
618,301.4136676615004,233,1,0,0,0.4673440456390381
619,287.17425738884555,196,1,0,0,0.4256472587585449
620,291.1982213984934,218,1,0,0,0.4470226764678955
621,314.12144894138845,244,1,0,0,0.47514796257019043
622,313.7492527330919,199,1,0,0,0.4243900775909424
623,270.92526990992656,190,1,0,0,0.22307348251342773
624,280.2361684152279,160,1,0,0,0.38164210319519043
625,269.53310696799787,178,1,0,0,0.4117758274078369
626,311.21118122102985,202,1,0,0,0.23908138275146484
627,280.4530813454753,278,1,0,0,0.5193843841552734
628,277.77621303489536,196,1,0,0,0.4232056140899658
629,259.5990010959101,195,1,0,0,0.4191415309906006
630,289.13859223310715,226,1,0,0,0.4593064785003662
631,279.73806420582,211,1,0,0,0.4391496181488037
632,264.442325824381,167,1,0,0,0.20426273345947266
633,261.10901080184556,203,1,0,0,0.49196481704711914
634,303.9883552109161,207,1,0,0,0.4429044723510742
635,257.0331842050175,188,1,0,0,0.4272305965423584
636,283.26863543089837,171,1,0,0,0.19722771644592285
637,273.18125069628155,192,1,0,0,0.4492785930633545
638,304.80882442238976,233,1,0,0,0.5050251483917236
639,295.49794370016116,246,1,0,0,0.5013394355773926
640,300.61002093151535,217,1,0,0,0.4515676498413086
641,307.4025596168067,245,1,0,0,0.5155611038208008
642,310.11849634404615,183,1,0,0,0.2305905818939209
643,260.71085561509085,172,1,0,0,0.4011693000793457
644,269.14022021529104,201,1,0,0,0.44571900367736816
645,272.077238223525,214,1,0,0,0.44733333587646484
646,278.7765773386259,149,1,0,0,0.19337797164916992
647,272.85014016355086,224,1,0,0,0.4889187812805176
648,41.94781433399169,87,0,1,0,0.30455708503723145
649,272.5327711959933,192,1,0,0,0.23825979232788086
650,268.28676776902705,185,1,0,0,0.4136519432067871
651,261.11173135986684,174,1,0,0,0.42446279525756836
652,274.29664587177024,176,1,0,0,0.22244811058044434
653,257.00016484011195,166,1,0,0,0.39467525482177734
654,281.40197245217723,181,1,0,0,0.4243619441986084
655,272.47404344429174,201,1,0,0,0.4308650493621826
656,288.17268118650554,213,1,0,0,0.2426469326019287
657,257.91723034944687,170,1,0,0,0.39130115509033203
658,279.87561334935594,203,1,0,0,0.4339580535888672
659,268.6709397010816,153,1,0,0,0.18186330795288086
660,273.44261640624364,172,1,0,0,0.39705491065979004
661,253.3527839983979,194,1,0,0,0.4234912395477295
662,271.10433348065897,192,1,0,0,0.4197688102722168
663,307.38399341959723,223,1,0,0,0.2585134506225586
664,269.59788598232376,162,1,0,0,0.3814094066619873
665,287.77227892005874,157,1,0,0,0.38542771339416504
666,311.1726038787492,180,1,0,0,0.2101421356201172
667,297.9434957146271,171,1,0,0,0.3974459171295166
668,277.34073704877545,182,1,0,0,0.4173862934112549
669,275.63634005746627,176,1,0,0,0.2040395736694336
670,268.69620481145313,176,1,0,0,0.4045901298522949
671,263.3800532481175,161,1,0,0,0.3796255588531494
672,283.3122999483067,161,1,0,0,0.1856546401977539
673,282.4808734484488,152,1,0,0,0.37108516693115234
674,308.1842261832438,250,1,0,0,0.48119544982910156
675,298.3984670710321,195,1,0,0,0.42482829093933105
676,125.55153872493898,1000,0,0,1,1.9804456233978271
677,265.77757399444897,164,1,0,0,0.1911628246307373
678,287.4795843895979,247,1,0,0,0.4821040630340576
679,274.47186841876396,175,1,0,0,0.4058816432952881
680,248.90489272892822,147,1,0,0,0.36885929107666016
681,304.4900444902189,214,1,0,0,0.24881815910339355
682,288.33238618068697,220,1,0,0,0.45867109298706055
683,267.5700262674984,180,1,0,0,0.4109480381011963
684,295.61857678905835,217,1,0,0,0.45385074615478516
685,290.10052564503235,141,1,0,0,0.16652202606201172
686,46.497753759506395,117,0,1,0,0.33484983444213867
687,314.44002900075793,208,1,0,0,0.4437596797943115
688,6.637718188481244,120,0,1,0,0.13801836967468262
689,311.6176160722562,239,1,0,0,0.4877288341522217
690,286.24098598605315,162,1,0,0,0.3945157527923584
691,298.94309122652254,259,1,0,0,0.4996356964111328
692,251.06119031388414,173,1,0,0,0.20116329193115234
693,276.4583746027829,276,1,0,0,0.5187411308288574
694,33.210716166997116,99,0,1,0,0.3175210952758789
695,277.9799615716233,147,1,0,0,0.16512322425842285
696,278.5001873675525,183,1,0,0,0.4124922752380371
697,297.93530811970936,213,1,0,0,0.4464128017425537
698,288.3660359641875,197,1,0,0,0.4273667335510254
699,303.3414386251002,178,1,0,0,0.2058272361755371
700,242.78732094167128,176,1,0,0,0.403489351272583
701,293.1093149475104,144,1,0,0,0.3741626739501953
702,304.978023846597,220,1,0,0,0.2603287696838379
703,288.1647305576064,196,1,0,0,0.42969799041748047
704,311.396079887311,196,1,0,0,0.437100887298584
705,170.15113344265546,1000,0,0,1,1.968522548675537
706,295.79205973378964,219,1,0,0,0.45892882347106934
707,287.70201867828735,215,1,0,0,0.45013427734375
708,272.06888086773927,217,1,0,0,0.2527451515197754
709,264.5532134169134,197,1,0,0,0.42694091796875
710,284.16383234359455,190,1,0,0,0.4159517288208008
711,290.000861656897,249,1,0,0,0.48529696464538574
712,259.2853886462665,186,1,0,0,0.4083106517791748
713,29.753962015870968,120,0,1,0,0.1410062313079834
714,295.82578976331024,173,1,0,0,0.3990166187286377
715,252.73432741673682,175,1,0,0,0.3986704349517822
716,289.164436988538,170,1,0,0,0.19803333282470703
717,62.241076324980355,128,0,1,0,0.34734559059143066
718,64.697638333551,103,0,1,0,0.1208188533782959
719,306.40832710174357,236,1,0,0,0.47684240341186523
720,171.49832143588267,1000,0,0,1,1.95805025100708
721,282.0878688309697,176,1,0,0,0.40221548080444336
722,258.78634366671594,234,1,0,0,0.4695582389831543
723,285.783795489835,189,1,0,0,0.22263693809509277
724,287.3688453907153,180,1,0,0,0.4083402156829834
725,24.785882554470348,117,0,1,0,0.13434863090515137
726,268.71026217890034,169,1,0,0,0.3972349166870117
727,304.7060041919451,215,1,0,0,0.45232081413269043
728,283.1320185845175,174,1,0,0,0.40201663970947266
729,269.3492904092629,180,1,0,0,0.2121267318725586
730,285.78389724562066,164,1,0,0,0.3895087242126465
731,284.34614233774124,189,1,0,0,0.41759514808654785
732,288.2275912685928,202,1,0,0,0.23665142059326172
733,267.7776167920058,197,1,0,0,0.42952466011047363
734,284.0256565131409,213,1,0,0,0.4496145248413086
735,34.74646440575438,113,0,1,0,0.3316221237182617
736,261.85981100497906,168,1,0,0,0.19811654090881348
737,298.3102211314533,237,1,0,0,0.4750514030456543
738,258.77925845708927,174,1,0,0,0.4007530212402344
739,259.1026584139165,178,1,0,0,0.2034626007080078
740,281.82766559915075,206,1,0,0,0.43611812591552734
741,260.10991956622075,180,1,0,0,0.4101707935333252
742,258.40331504833546,175,1,0,0,0.4009864330291748
743,276.5966053643438,162,1,0,0,0.18510818481445312
744,286.4456199986854,187,1,0,0,0.4161992073059082
745,251.0387381902381,160,1,0,0,0.38651514053344727
746,279.38442201883737,187,1,0,0,0.2166285514831543
747,287.17652139397035,194,1,0,0,0.42468738555908203
748,300.4846683822225,191,1,0,0,0.4240097999572754
749,21.608935605952,108,0,1,0,0.12509751319885254
750,279.8672417435007,191,1,0,0,0.41353654861450195
751,256.59253478225503,204,1,0,0,0.4343421459197998
752,280.9376284260115,183,1,0,0,0.4162778854370117
753,305.515404920263,215,1,0,0,0.2546372413635254
754,278.41263729047654,183,1,0,0,0.41034865379333496
755,256.49209866357506,163,1,0,0,0.38298559188842773
756,307.8235006334596,209,1,0,0,0.44279932975769043
757,137.29051551125167,1000,0,0,1,1.7462513446807861
758,269.0453207141744,173,1,0,0,0.4001595973968506
759,290.9809954429078,229,1,0,0,0.470761775970459
760,305.3587014780056,224,1,0,0,0.4662361145019531
761,313.59769192896874,246,1,0,0,0.4842562675476074
762,299.0058062902177,191,1,0,0,0.4228496551513672
763,300.9688734695677,180,1,0,0,0.21222686767578125
764,285.2329046562725,165,1,0,0,0.3921651840209961
765,268.4072528402022,181,1,0,0,0.403444766998291
766,294.504949976434,213,1,0,0,0.45351624488830566
767,284.44964394878446,180,1,0,0,0.21121644973754883
768,266.19823214208157,185,1,0,0,0.41070556640625
769,275.67546761398296,141,1,0,0,0.16436362266540527
770,251.11509458668428,168,1,0,0,0.4008810520172119
771,299.331451621602,202,1,0,0,0.4335947036743164
772,279.71766545649325,198,1,0,0,0.42817163467407227
773,256.7471957370906,195,1,0,0,0.22847461700439453
774,281.4720318343087,163,1,0,0,0.38240861892700195
775,327.09027416922237,191,1,0,0,0.4283008575439453
776,306.0352898288466,172,1,0,0,0.40699052810668945
777,308.51054189546255,210,1,0,0,0.24575209617614746
778,306.4457173925193,161,1,0,0,0.3895444869995117
779,288.20376498041855,194,1,0,0,0.41933751106262207
780,279.1708836309224,191,1,0,0,0.22760653495788574
781,269.49655823518617,165,1,0,0,0.3937084674835205
782,283.9334832580003,198,1,0,0,0.4349348545074463
783,42.11847683752055,86,0,1,0,0.10598015785217285
784,283.80023695800406,206,1,0,0,0.44363951683044434
785,284.12112865741193,193,1,0,0,0.4204728603363037
786,275.9355795708279,151,1,0,0,0.1717531681060791
787,281.33416228146456,189,1,0,0,0.4175586700439453
788,266.5103202960836,159,1,0,0,0.3805112838745117
789,157.47586680882532,1000,0,0,1,2.0308985710144043
790,285.40231668843086,193,1,0,0,0.24068760871887207
791,281.2598192427074,160,1,0,0,0.38343119621276855
792,259.7424815538179,164,1,0,0,0.40160274505615234
793,267.07801877711523,171,1,0,0,0.22626042366027832
794,281.81069911739144,185,1,0,0,0.4371058940887451
795,302.1900948256234,163,1,0,0,0.41358327865600586
796,265.1290289725711,161,1,0,0,0.19229960441589355
797,275.1217706681476,180,1,0,0,0.4135866165161133
798,271.7475026997116,177,1,0,0,0.43962979316711426
799,-5.565855160235159,124,0,1,0,0.16064023971557617
800,292.27324895713934,240,1,0,0,0.4968740940093994
801,297.1986226344332,228,1,0,0,0.4805476665496826
802,-2.372521312745903,70,0,1,0,0.07993745803833008
803,260.1641609897412,191,1,0,0,0.4355144500732422
804,308.1027537725139,215,1,0,0,0.4836099147796631
805,253.7246428272629,177,1,0,0,0.41448283195495605
806,44.00557677662971,144,0,1,0,0.17328262329101562
807,267.78505503725216,164,1,0,0,0.3902003765106201
808,113.67844520581268,1000,0,0,1,2.0144941806793213
809,281.5921613171382,166,1,0,0,0.20659852027893066
810,280.20950442545796,185,1,0,0,0.4539930820465088
811,281.37501207100365,191,1,0,0,0.42908596992492676
812,310.47925755540587,197,1,0,0,0.4387788772583008
813,276.7141524050634,141,1,0,0,0.16302728652954102
814,260.6912713806255,206,1,0,0,0.43511390686035156
815,306.4648597566381,169,1,0,0,0.3872396945953369
816,28.20659693975381,93,0,1,0,0.11102747917175293
817,262.1841963285125,171,1,0,0,0.3978910446166992
818,259.6222964190961,154,1,0,0,0.17958903312683105
819,280.62989023082844,207,1,0,0,0.4436635971069336
820,293.48043744169024,208,1,0,0,0.4376685619354248
821,301.59214034947695,215,1,0,0,0.4586062431335449
822,301.4948334124698,229,1,0,0,0.46224117279052734
823,291.5711538182948,198,1,0,0,0.23740839958190918
824,303.55621100350356,204,1,0,0,0.4374098777770996
825,289.4343066787143,149,1,0,0,0.37668800354003906
826,299.81426285832697,200,1,0,0,0.42996978759765625
827,284.7192186016549,172,1,0,0,0.20260095596313477
828,249.79240463704969,162,1,0,0,0.3909149169921875
829,276.33303584363307,192,1,0,0,0.4167816638946533
830,278.9420122267118,214,1,0,0,0.25303030014038086
831,300.1681776175685,169,1,0,0,0.3983185291290283
832,267.1223710710101,145,1,0,0,0.37067341804504395
833,294.5898624627503,188,1,0,0,0.2154545783996582
834,291.49072480820774,157,1,0,0,0.3886854648590088
835,300.55918972644895,230,1,0,0,0.4697139263153076
836,267.4358420278165,152,1,0,0,0.17132186889648438
837,294.1435778160789,145,1,0,0,0.3733246326446533
838,251.33460243597838,171,1,0,0,0.4097301959991455
839,276.8122979292906,199,1,0,0,0.22990179061889648
840,277.6611046352539,182,1,0,0,0.42450928688049316
841,283.0911510221231,166,1,0,0,0.3970935344696045
842,309.77461991762584,230,1,0,0,0.46465325355529785
843,308.627543571405,214,1,0,0,0.44724106788635254
844,282.904114734013,166,1,0,0,0.19896984100341797
845,289.78578805195355,195,1,0,0,0.42553186416625977
846,309.55092573003117,199,1,0,0,0.4365499019622803
847,271.59764461747056,141,1,0,0,0.16634297370910645
848,293.5302017143895,214,1,0,0,0.4459409713745117
849,296.6301767633886,219,1,0,0,0.4456048011779785
850,285.113032121366,198,1,0,0,0.43054628372192383
851,306.88478434030424,166,1,0,0,0.19707942008972168
852,289.83656497927177,171,1,0,0,0.4470975399017334
853,311.3555048755413,240,1,0,0,0.49901843070983887
854,282.66206729251405,184,1,0,0,0.4341716766357422
855,314.8087188924478,229,1,0,0,0.4732999801635742
856,255.0933995147965,155,1,0,0,0.1976795196533203
857,285.1466759273085,188,1,0,0,0.4497990608215332
858,280.4610716105444,148,1,0,0,0.38288331031799316
859,292.34259700277397,153,1,0,0,0.17939114570617676
860,267.57012145818,171,1,0,0,0.39589691162109375
861,290.4964900559172,197,1,0,0,0.4246096611022949
862,281.5428968103914,159,1,0,0,0.18187975883483887
863,302.7881222977578,194,1,0,0,0.42624354362487793
864,295.1949046771115,234,1,0,0,0.4734673500061035
865,306.2947518942641,213,1,0,0,0.44835686683654785
866,311.4885647934133,218,1,0,0,0.45630311965942383
867,-1.0558048456125988,91,0,1,0,0.10558271408081055
868,264.8890487792817,170,1,0,0,0.39800238609313965
869,282.091726537966,215,1,0,0,0.24891042709350586
870,272.580631929443,212,1,0,0,0.4504075050354004
871,80.76639208495237,81,0,1,0,0.29572272300720215
872,278.65263497614313,160,1,0,0,0.18539714813232422
873,294.10125670375885,217,1,0,0,0.4562857151031494
874,307.4227156607452,158,1,0,0,0.3851311206817627
875,259.15492556861034,166,1,0,0,0.1933269500732422
876,259.09657188595264,157,1,0,0,0.3817787170410156
877,44.938969111993856,82,0,1,0,0.09258174896240234
878,283.39340001906254,189,1,0,0,0.4210774898529053
879,261.78076933282887,143,1,0,0,0.363710880279541
880,266.43554085340736,168,1,0,0,0.20068883895874023
881,291.76619656740235,201,1,0,0,0.4378054141998291
882,292.13911046376734,143,1,0,0,0.36548495292663574
883,248.62320322580817,165,1,0,0,0.19612860679626465
884,305.4659224133661,202,1,0,0,0.43916964530944824
885,296.9966004229449,189,1,0,0,0.42568469047546387
886,254.7806466528544,166,1,0,0,0.19369006156921387
887,257.70433803655294,178,1,0,0,0.4454019069671631
888,266.6990652947163,163,1,0,0,0.42997002601623535
889,269.6626766129061,145,1,0,0,0.16979527473449707
890,255.64308507449084,174,1,0,0,0.41535329818725586
891,286.63066247339236,212,1,0,0,0.4478578567504883
892,288.1334276350265,176,1,0,0,0.21310997009277344
893,259.9312927270432,191,1,0,0,0.47046756744384766
894,251.4211440410784,176,1,0,0,0.4145193099975586
895,272.5376511244585,204,1,0,0,0.45453596115112305
896,258.2240051426801,168,1,0,0,0.19473958015441895
897,297.09319914781497,227,1,0,0,0.48427700996398926
898,294.31008585826606,238,1,0,0,0.5068938732147217
899,282.38757189378066,194,1,0,0,0.43933939933776855
900,266.51848377879844,172,1,0,0,0.40056872367858887
901,296.5609868064997,206,1,0,0,0.23910760879516602
902,284.5521733075217,177,1,0,0,0.4397437572479248
903,286.7503442845552,184,1,0,0,0.42228007316589355
904,309.1743636413539,194,1,0,0,0.44149279594421387
905,280.9042673780692,200,1,0,0,0.2327101230621338
906,277.64640130966256,193,1,0,0,0.42180967330932617
907,271.6945276738493,204,1,0,0,0.4300074577331543
908,261.5851274196407,171,1,0,0,0.38329648971557617
909,282.9922530677834,165,1,0,0,0.1922314167022705
910,252.4552127671776,161,1,0,0,0.3924078941345215
911,266.3698092156813,174,1,0,0,0.4056375026702881
912,297.66100691727394,204,1,0,0,0.2738971710205078
913,275.5333900399445,157,1,0,0,0.40468668937683105
914,288.7053366503496,235,1,0,0,0.48860788345336914
915,254.4954194054654,145,1,0,0,0.16681241989135742
916,285.37495635706006,213,1,0,0,0.4422297477722168
917,260.9193771608952,170,1,0,0,0.4360988140106201
918,300.41853427597175,183,1,0,0,0.42842960357666016
919,278.37666970407514,194,1,0,0,0.23609471321105957
920,281.5478428585776,147,1,0,0,0.37648653984069824
921,281.63853199445106,178,1,0,0,0.4038548469543457
922,292.529843040729,144,1,0,0,0.18480920791625977
923,263.3991426629774,167,1,0,0,0.4260585308074951
924,314.5710551759038,168,1,0,0,0.4009585380554199
925,256.8038875429778,181,1,0,0,0.215118408203125
926,272.2290014683357,174,1,0,0,0.3948252201080322
927,267.7606013792871,212,1,0,0,0.44985079765319824
928,297.14414865668186,202,1,0,0,0.4267158508300781
929,306.1939184009142,227,1,0,0,0.2686045169830322
930,283.8576270297118,183,1,0,0,0.4169151782989502
931,305.29048887282744,174,1,0,0,0.4017350673675537
932,301.19598342898826,214,1,0,0,0.4554119110107422
933,260.31377849260065,170,1,0,0,0.20078325271606445
934,282.2534828164689,200,1,0,0,0.4322071075439453
935,278.94470973671014,208,1,0,0,0.4422297477722168
936,285.13992356369306,181,1,0,0,0.40914011001586914
937,260.1423844488475,194,1,0,0,0.23040080070495605
938,282.1419747801274,179,1,0,0,0.4117095470428467
939,318.87758846713956,185,1,0,0,0.41862010955810547
940,292.4343668604402,205,1,0,0,0.446988582611084
941,302.6540276465032,221,1,0,0,0.2577955722808838
942,292.1310565042764,200,1,0,0,0.432664155960083
943,287.1562792922279,164,1,0,0,0.3950626850128174
944,286.79606066827785,174,1,0,0,0.4011352062225342
945,245.3130531666639,178,1,0,0,0.20780110359191895
946,292.2650505870266,195,1,0,0,0.42830491065979004
947,309.02354163331194,173,1,0,0,0.3999309539794922
948,279.62952241099697,202,1,0,0,0.23238205909729004
949,275.29808235140183,182,1,0,0,0.40604543685913086
950,281.5670080603529,207,1,0,0,0.44206762313842773
951,286.9266005188351,174,1,0,0,0.40290117263793945
952,273.6742602237244,166,1,0,0,0.1909010410308838
953,275.96709123908965,213,1,0,0,0.4431014060974121
954,267.30145334814557,164,1,0,0,0.39095568656921387
955,294.7965840846276,185,1,0,0,0.41851234436035156
956,306.6797708154814,169,1,0,0,0.19735145568847656
957,263.3896607371345,156,1,0,0,0.3758678436279297
958,271.76146984494244,159,1,0,0,0.1861708164215088
959,261.73459931978664,174,1,0,0,0.40567708015441895
960,257.14844100128795,160,1,0,0,0.388394832611084
961,272.17794884977513,198,1,0,0,0.22751879692077637
962,236.2297278385786,199,1,0,0,0.42937278747558594
963,266.1306142928975,167,1,0,0,0.3923454284667969
964,257.3223923579461,168,1,0,0,0.39340972900390625
965,263.5839758339988,162,1,0,0,0.18987321853637695
966,292.38228239548005,197,1,0,0,0.429218053817749
967,302.24624185360636,158,1,0,0,0.3941924571990967
968,276.69216634035257,166,1,0,0,0.1957099437713623
969,258.2399037953966,141,1,0,0,0.36293721199035645
970,275.1245110623667,139,1,0,0,0.1631028652191162
971,272.2694476008765,170,1,0,0,0.397702693939209
972,300.59847637136284,183,1,0,0,0.41275930404663086
973,298.9172468103211,204,1,0,0,0.43195056915283203
974,306.2312306851769,214,1,0,0,0.25217342376708984
975,313.8222124492254,210,1,0,0,0.4435093402862549
976,278.8658844204966,154,1,0,0,0.37658143043518066
977,287.0493064326813,210,1,0,0,0.44405579566955566
978,277.722346485838,200,1,0,0,0.23569464683532715
979,314.6582627646045,234,1,0,0,0.47012901306152344
980,272.44925544135026,194,1,0,0,0.42585182189941406
981,283.72187832771107,164,1,0,0,0.3877902030944824
982,275.4386301699618,175,1,0,0,0.2050788402557373
983,310.7862922855238,167,1,0,0,0.3939208984375
984,286.176824055216,194,1,0,0,0.4287993907928467
985,254.74104326228056,177,1,0,0,0.20478582382202148
986,277.38330370104705,211,1,0,0,0.4386441707611084
987,251.99012039988378,166,1,0,0,0.3962130546569824
988,257.6310820270862,138,1,0,0,0.1601119041442871
989,267.0708780518036,171,1,0,0,0.3946492671966553
990,293.1978356663163,151,1,0,0,0.37296581268310547
991,280.02850301937787,189,1,0,0,0.217559814453125
992,271.63951597611685,198,1,0,0,0.426999568939209
993,165.29935481501042,1000,0,0,1,1.9628612995147705
994,282.4851325795237,159,1,0,0,0.4068443775177002
995,295.77258111421827,206,1,0,0,0.44574499130249023
996,299.55305722936396,229,1,0,0,0.26865196228027344
997,274.64946114332395,157,1,0,0,0.38582754135131836
998,305.03858217735205,185,1,0,0,0.43703484535217285
999,312.176395776634,205,1,0,0,0.442657470703125
1000,280.00017709137785,156,1,0,0,0.18246984481811523
1001,280.80718312713617,179,1,0,0,0.4072737693786621
1002,287.80831260942614,157,1,0,0,0.38193488121032715
1003,301.32387601207694,223,1,0,0,0.26349425315856934
1004,268.3898896995329,214,1,0,0,0.44889283180236816
1005,286.9036882254118,155,1,0,0,0.3760066032409668
1006,163.50777395959818,1000,0,0,1,1.9633042812347412
1007,279.1394133055943,193,1,0,0,0.4173271656036377
1008,285.33253833880315,195,1,0,0,0.22622203826904297
1009,284.8028562417562,200,1,0,0,0.4292440414428711
1010,282.319692544684,169,1,0,0,0.3954780101776123
1011,283.39406100915573,148,1,0,0,0.17666125297546387
1012,282.8033457642405,216,1,0,0,0.44901061058044434
1013,265.23933188954913,160,1,0,0,0.38389134407043457
1014,308.48891393284816,206,1,0,0,0.43552327156066895
1015,314.9221617982723,200,1,0,0,0.23337483406066895
1016,287.3947006879969,150,1,0,0,0.3835139274597168
1017,287.82443194391357,215,1,0,0,0.44348740577697754
1018,261.5028999063593,200,1,0,0,0.43392491340637207
1019,290.86719777777944,159,1,0,0,0.1863718032836914
1020,259.3873466822225,161,1,0,0,0.3854348659515381
1021,285.6998854768383,178,1,0,0,0.20093035697937012
1022,282.6137303936416,137,1,0,0,0.3587608337402344
1023,256.5233186353601,150,1,0,0,0.38022422790527344
1024,273.01490396072586,171,1,0,0,0.19898486137390137
1025,305.2782185522617,219,1,0,0,0.44949984550476074
1026,303.41112063087746,203,1,0,0,0.4331049919128418
1027,269.6053095780013,179,1,0,0,0.4048945903778076
1028,273.91767715975885,173,1,0,0,0.20380806922912598
1029,257.719788797887,179,1,0,0,0.4129505157470703
1030,262.729931550435,181,1,0,0,0.4121537208557129
1031,307.16011046086766,169,1,0,0,0.20018577575683594
1032,294.4621359246844,164,1,0,0,0.3943943977355957
1033,288.2826660275108,191,1,0,0,0.4223001003265381
1034,292.2625286490678,125,1,0,0,0.13811922073364258
1035,43.3724832657266,89,0,1,0,0.30524778366088867
1036,273.4832323779674,164,1,0,0,0.1928722858428955
1037,310.8692274861386,222,1,0,0,0.44899868965148926
1038,281.87873475846504,131,1,0,0,0.35219407081604004
1039,256.99056422911474,161,1,0,0,0.18835735321044922
1040,284.7173475030922,177,1,0,0,0.40856027603149414
1041,291.6717390913224,176,1,0,0,0.40103888511657715
1042,297.6858544983921,138,1,0,0,0.16487407684326172
1043,293.70672088348863,198,1,0,0,0.4302337169647217
1044,244.59848597460234,175,1,0,0,0.40282273292541504
1045,286.0224945453108,130,1,0,0,0.15940570831298828
1046,275.3052401155903,143,1,0,0,0.3680844306945801
1047,264.13360770845054,156,1,0,0,0.187727689743042
1048,288.50251494774113,162,1,0,0,0.3874993324279785
1049,250.64568721525694,145,1,0,0,0.16846036911010742
1050,293.9732467987327,142,1,0,0,0.3672938346862793
1051,248.86283416743387,156,1,0,0,0.38433003425598145
1052,291.2820250068155,171,1,0,0,0.19902563095092773
1053,273.27927030254875,148,1,0,0,0.3746459484100342
1054,271.38603213249985,185,1,0,0,0.4149925708770752
1055,303.94582758772674,220,1,0,0,0.2610318660736084
1056,255.33416494130748,184,1,0,0,0.40877842903137207
1057,283.770248364189,203,1,0,0,0.43202948570251465
1058,294.2557280435834,186,1,0,0,0.4140431880950928
1059,266.15794300765936,164,1,0,0,0.19672489166259766
1060,293.4175242425153,173,1,0,0,0.407254695892334
1061,256.8470890259849,155,1,0,0,0.38373661041259766
1062,282.70366244000013,171,1,0,0,0.2016310691833496
1063,278.5468772922461,182,1,0,0,0.40960001945495605
1064,260.3152240464317,214,1,0,0,0.44896483421325684
1065,279.2102112296203,191,1,0,0,0.4274473190307617
1066,269.843546949343,172,1,0,0,0.2003002166748047
1067,281.1663455399723,163,1,0,0,0.3904905319213867
1068,288.933254757588,184,1,0,0,0.419811487197876
1069,271.66110152809244,182,1,0,0,0.21401166915893555
1070,115.06061951707287,1000,0,0,1,1.9690585136413574
1071,271.4718047224278,130,1,0,0,0.3511347770690918
1072,289.0409133332041,186,1,0,0,0.21859431266784668
1073,288.845305141655,242,1,0,0,0.4797370433807373
1074,263.0563049162132,163,1,0,0,0.3912980556488037
1075,287.88355763014863,176,1,0,0,0.405109167098999
1076,291.78005831816785,136,1,0,0,0.1614065170288086
1077,286.82692751390005,220,1,0,0,0.455432653427124
1078,248.5246332874945,136,1,0,0,0.36090731620788574
1079,297.1080814752812,147,1,0,0,0.17229104042053223
1080,280.5779851006058,211,1,0,0,0.4580552577972412
1081,152.209652686629,1000,0,0,1,1.9765818119049072
1082,281.8723552123954,143,1,0,0,0.36652421951293945
1083,274.4004985039213,205,1,0,0,0.24685168266296387
1084,276.2618121785582,198,1,0,0,0.43015408515930176
1085,263.3208081623691,160,1,0,0,0.3870513439178467
1086,273.95472810892284,174,1,0,0,0.20392179489135742
1087,248.80733157151013,157,1,0,0,0.38114356994628906
1088,269.30257166672686,208,1,0,0,0.4460272789001465
1089,278.9491784444883,177,1,0,0,0.40459346771240234
1090,313.975048316097,208,1,0,0,0.24718856811523438
1091,274.8920437147565,224,1,0,0,0.4632682800292969
1092,308.8282751517837,213,1,0,0,0.4494504928588867
1093,299.05832328147744,194,1,0,0,0.4269595146179199
1094,298.02302584082963,150,1,0,0,0.18011188507080078
1095,293.26262211595775,167,1,0,0,0.394986629486084
1096,296.40984593531374,188,1,0,0,0.42455029487609863
1097,24.984526589089157,95,0,1,0,0.11108875274658203
1098,271.15558786428386,212,1,0,0,0.45098280906677246
1099,300.5993187739479,148,1,0,0,0.3701510429382324
1100,296.91540946897805,186,1,0,0,0.22042298316955566
1101,293.934274447679,219,1,0,0,0.46184706687927246
1102,271.0811039443744,189,1,0,0,0.41611766815185547
1103,294.44199761007314,208,1,0,0,0.44128870964050293
1104,267.3141619883343,162,1,0,0,0.18674373626708984
1105,290.70240139701764,212,1,0,0,0.4425332546234131
1106,261.6699006046473,180,1,0,0,0.40262556076049805
1107,281.2467083842324,162,1,0,0,0.18709564208984375
1108,293.3405177188474,186,1,0,0,0.41477131843566895
1109,286.52963812595783,155,1,0,0,0.3829214572906494
1110,293.8296149729821,187,1,0,0,0.41535043716430664
1111,300.6957415993404,166,1,0,0,0.19587922096252441
1112,274.74220251959014,142,1,0,0,0.36484622955322266
1113,312.26507269231456,208,1,0,0,0.4413175582885742
1114,263.0451012979371,144,1,0,0,0.17407560348510742
1115,267.9901077325369,164,1,0,0,0.39050841331481934
1116,277.84934621547654,190,1,0,0,0.4219040870666504
1117,308.52393840002014,202,1,0,0,0.24717926979064941
1118,280.1031163387309,204,1,0,0,0.4362480640411377
1119,275.83562261333986,159,1,0,0,0.38530564308166504
1120,259.07754748983064,155,1,0,0,0.1770939826965332
1121,261.4272397938708,202,1,0,0,0.4396703243255615
1122,273.81465168716255,201,1,0,0,0.43723011016845703
1123,322.06315451666626,228,1,0,0,0.46385836601257324
1124,282.2488290879662,157,1,0,0,0.18436646461486816
1125,284.5214895894933,199,1,0,0,0.43913722038269043
1126,322.20813389268585,183,1,0,0,0.4176206588745117
1127,276.8250675726655,161,1,0,0,0.3916146755218506
1128,283.0219305544923,185,1,0,0,0.2162168025970459
1129,312.2497479728245,217,1,0,0,0.44968366622924805
1130,314.4349476140549,195,1,0,0,0.4265449047088623
1131,304.09864955657395,201,1,0,0,0.43276476860046387
1132,258.7357498794426,177,1,0,0,0.20771408081054688
1133,278.7190784532175,191,1,0,0,0.4258582592010498
1134,315.690544952516,189,1,0,0,0.42128801345825195
1135,287.67885697534405,180,1,0,0,0.40797972679138184
1136,282.05235394707887,216,1,0,0,0.25646305084228516
1137,282.22194440635127,187,1,0,0,0.4119994640350342
1138,293.99476812987007,204,1,0,0,0.4348130226135254
1139,287.5849803875105,211,1,0,0,0.44484782218933105
1140,291.1102893426222,204,1,0,0,0.43890857696533203
1141,278.96403670418516,207,1,0,0,0.24547100067138672
1142,301.5570626414054,198,1,0,0,0.4324660301208496
1143,282.87442553863286,150,1,0,0,0.3771226406097412
1144,285.22925787641157,154,1,0,0,0.18209242820739746
1145,290.89353325935065,180,1,0,0,0.41595005989074707
1146,292.6653810326584,182,1,0,0,0.41380858421325684
1147,268.69349256361807,163,1,0,0,0.18972229957580566
1148,278.01218581146145,180,1,0,0,0.41359782218933105
1149,278.3745153721084,227,1,0,0,0.4590792655944824
1150,296.5364174698158,128,1,0,0,0.15062284469604492
1151,277.7338946091387,153,1,0,0,0.3850977420806885
1152,280.17710080350764,184,1,0,0,0.41318464279174805
1153,290.3414214657945,179,1,0,0,0.21458864212036133
1154,285.57089680748925,171,1,0,0,0.39915943145751953
1155,309.77096125067607,237,1,0,0,0.4763360023498535
1156,271.2763652810226,126,1,0,0,0.34827113151550293
1157,308.4133751709637,229,1,0,0,0.26448512077331543
1158,301.1940352856743,184,1,0,0,0.41549253463745117
1159,267.3444376070212,157,1,0,0,0.38379454612731934
1160,285.39197800391696,171,1,0,0,0.19913840293884277
1161,279.7544550749295,167,1,0,0,0.39645886421203613
1162,272.18414086695776,160,1,0,0,0.38318896293640137
1163,265.9798104935966,143,1,0,0,0.16662335395812988
1164,271.53900273780187,171,1,0,0,0.4007608890533447
1165,43.242510719391134,89,0,1,0,0.09755659103393555
1166,312.9358768803035,213,1,0,0,0.45251941680908203
1167,297.6822372363839,190,1,0,0,0.41913604736328125
1168,296.59900279289707,227,1,0,0,0.46196770668029785
1169,271.0831995702073,170,1,0,0,0.20028305053710938
1170,279.00787169204267,160,1,0,0,0.38452982902526855
1171,270.2864781228682,160,1,0,0,0.3868753910064697
1172,294.9924898012598,195,1,0,0,0.22730660438537598
1173,314.25287632842094,190,1,0,0,0.42569637298583984
1174,295.9554891772965,169,1,0,0,0.40265727043151855
1175,259.0711978725094,176,1,0,0,0.20039081573486328
1176,295.0343667807283,197,1,0,0,0.42748546600341797
1177,292.07786670961394,176,1,0,0,0.40273284912109375
1178,289.6016561424593,148,1,0,0,0.3736577033996582
1179,282.1530118007912,161,1,0,0,0.18219900131225586
1180,278.9321627541258,165,1,0,0,0.3878169059753418
1181,286.6922006396983,188,1,0,0,0.4214179515838623
1182,285.7460699993147,182,1,0,0,0.2135157585144043
1183,304.6537195957279,221,1,0,0,0.4601438045501709
1184,275.7321270203538,166,1,0,0,0.396592378616333
1185,269.3509436446674,184,1,0,0,0.2178962230682373
1186,33.57034414892354,93,0,1,0,0.3101646900177002
1187,304.733547032837,195,1,0,0,0.42220211029052734
1188,282.3883325459534,134,1,0,0,0.15566515922546387
1189,267.01411030479073,192,1,0,0,0.4206981658935547
1190,280.290786802575,148,1,0,0,0.17511773109436035
1191,274.15240651470185,177,1,0,0,0.4062535762786865
1192,286.2072023538993,196,1,0,0,0.42685532569885254
1193,289.72553245293824,170,1,0,0,0.39742469787597656
1194,314.6438070776916,168,1,0,0,0.19563961029052734
1195,280.9418755428081,138,1,0,0,0.36246562004089355
1196,302.17614658630526,176,1,0,0,0.20771479606628418
1197,283.2140935035135,183,1,0,0,0.41019678115844727
1198,263.34604475030574,173,1,0,0,0.40192294120788574
1199,301.2740623623322,184,1,0,0,0.41835975646972656
1200,311.0588692791937,188,1,0,0,0.2161262035369873
1201,267.8171978200428,161,1,0,0,0.3877389430999756
